Random Numbers One,Random Numbers Two,Random Numbers Three,Random Numbers Four,Random Numbers Five,Random Numbers Six,Random Numbers Seven,Random Numbers Eight,Random Numbers Nine,Random Numbers Ten
781,3532,1765,644,126.73,3320.64,915.41,3180,9738,5785.14
747,4841,5916,419,560.32,8596.93,499.6,8150,9263,5685.75
847,807,5944,466,455.03,3214.45,863.6,5331,9333,5491.11
748,1503,1774,94,456.77,716.88,954.11,2394,9939,5577.4
1527,4537,7089,296,192.42,6983.66,852.07,8407,9555,6636.65
131,1879,3894,364,451.78,4242.48,429.05,2103,9047,8808.54
1517,1202,2730,879,866.03,3258.67,866.01,4816,9976,5243.5
1843,782,1557,732,372.66,4580.37,236.92,7483,9222,8624.59
1794,2511,2652,658,16.84,215.82,243.21,8131,9333,7149.51
1045,1824,3780,89,760.83,7348.62,66.43,7416,9523,7887.76
1351,1632,1019,916,422.71,1808.25,56.26,2376,9098,8013.85
1582,4392,3095,544,137.5,924.88,907.54,3086,9039,6914.83
1674,4313,864,965,60.3,7379.06,825.17,1536,9742,5870.33
1619,15,3069,854,664.44,824.73,215.7,4894,9610,6653
287,243,7274,641,296.32,6866.59,593.3,5114,9680,7565.84
1417,1656,797,814,894.53,5315.18,817.01,4852,9839,5453.2
918,344,2287,200,509.2,4643.11,306.33,7251,9213,7482.18
367,1201,7364,426,393.58,440.85,848.09,7137,9038,6709.4
1913,4027,1835,577,940.11,7580.92,428.32,8821,9143,8392.89
403,2445,3286,259,759.8,288.42,390.46,7712,9838,6603.41
1915,4431,3611,53,765,7886.48,921.36,7114,9328,8719.28
1936,3302,547,1000,739.93,130.36,627.46,3603,9147,8731.24
437,2617,986,100,149.64,969.62,918.93,6047,9929,8220.79
833,374,5960,454,963.13,7420.28,867.71,4227,9093,5572.44
1747,2057,3166,345,306.09,5518.29,756.61,509,9077,7250.43
1412,127,1008,926,407.03,2038.8,731.92,3302,9369,8265.06
544,1810,5868,179,855.44,7921.82,159.13,4413,9840,6545.01
450,1010,4877,656,73.33,4866.12,846.15,907,9029,7193.95
1098,699,2521,65,937.47,5201.41,65.78,1861,9635,8754.14
1829,2715,1171,795,428.86,3414.91,466.28,7435,9186,8344.31
608,4494,4345,927,944.31,334.64,845.08,7218,9635,5796.08
693,2413,7670,642,415.7,1687.92,830.54,8388,9866,5712.24
149,3007,504,815,288.9,1227.87,167.97,6986,9923,6343.51
612,4889,4464,204,441.65,1255.47,326.31,7377,9825,7468.93
1225,554,2570,251,566.98,150.91,374.5,1733,9247,8417.58
267,801,791,453,808.76,2538.18,628.04,2927,9031,6346.88
1281,3082,7552,623,189.82,4772.42,823.99,3740,9132,6344.18
800,442,1776,130,984.06,449.51,748.59,2982,9455,8083.63
1113,427,124,744,344.56,7955.23,38.65,7601,9208,5000.11
832,2014,5862,832,835.09,5232.87,53.73,2427,9211,8342.34
1871,4668,7913,626,800.75,8875.75,394.72,8719,9832,5456.84
93,3251,23,130,829.89,5154.61,304.57,3267,9924,6964.27
1419,4429,7212,136,950.65,5677.64,612.94,8335,9504,8024.99
1686,2190,984,277,861.85,2690.25,542.92,7669,9238,6387.4
527,2416,2906,585,465.45,3297.61,447.42,3894,9864,5808.74
1652,2382,2434,59,88.36,4812.5,230.51,8921,9613,5049.33
935,1901,1588,383,851.83,2604.29,869.22,3941,9240,8949.63
884,3630,4715,263,985.61,1212.98,737.12,6501,9871,7558.35
1593,139,1715,813,888.32,7421.59,631.15,4048,9843,5602.97
143,700,1711,668,153.19,8171.5,467.6,6430,9283,6757.29
275,4585,7536,904,343.33,4614.36,63.18,7808,9719,8854.08
214,492,7143,434,429.94,3610.89,157.87,632,9395,5472
1270,818,5107,493,2.03,6030.21,429.69,5563,9095,6767.19
410,1821,6834,906,557.46,7878.78,679.91,870,9682,8588.22
672,3409,6888,560,501.29,5226.9,913.11,5514,9202,7164.01
1108,4908,6163,606,231.91,3287.51,188.71,1573,9336,6808.46
1050,4242,790,294,633.9,7805.87,337.7,7343,9527,5453.79
1766,1842,3864,873,865.62,933.44,36.72,5050,9327,6547.65
41,379,3721,902,345.69,4667.61,194.22,5691,9098,5970.68
1467,325,3446,919,440.62,5355.07,488,8955,9618,5121.2
1518,2198,3065,476,467.83,3042.08,33.12,5872,9181,6185.9
1525,1920,6831,568,870.51,4689.34,454.42,8706,9670,5988.53
17,2780,7346,623,98.21,6665.92,554.31,3443,9077,8426.04
143,410,378,910,232.36,1751,280.02,8603,9222,8885.95
1808,3560,5942,123,393.88,296.01,521.67,7054,9022,5202.91
285,3832,3147,25,131.53,322.6,572.37,4804,9019,8628.84
577,1720,1077,593,824.21,4416.99,407.38,5669,9833,7630.28
656,213,2776,696,595.02,5222.99,867.96,6258,9685,8084.47
1256,1885,1076,501,298.86,6711.2,159.35,2942,9492,8511.46
1783,646,572,348,467.42,5423.96,900.52,6247,9531,6136.77
1412,4184,1538,89,69.06,1652.63,404.31,6418,9046,5449.24
103,2813,4298,270,775.18,8949.79,676.45,2779,9460,7521.44
238,4910,7324,613,443.08,7773.53,317.91,1799,9739,7788.42
364,295,705,804,541.47,1110.57,406.64,1005,9678,5243.9
213,4030,1045,929,108.13,5619.48,100.35,2301,9098,8416.4
560,2011,4490,299,874.64,5193.1,968,3032,9321,6188.27
177,3096,4847,750,249.36,898.52,624.44,3371,9752,5647.7
736,4910,2372,653,315.91,5233.38,240.02,4526,9899,6860.68
293,1608,667,455,989.94,3042.5,165.5,995,9164,7117.14
1520,99,3522,379,280.15,150.26,796.33,5710,9187,8878.06
33,4138,5200,418,522.21,7642.71,859.41,2539,9651,5644.92
1629,2984,4067,708,640.32,1685.14,983.77,2868,9669,8460.69
318,3732,37,882,762.48,4124.52,927.21,5170,9013,6141.51
1742,3960,3415,980,666.99,637.84,491.65,883,9713,7599.72
487,766,7780,856,566.55,5399.2,668.81,8423,9661,6279.56
1033,4190,4974,291,497.21,3609.04,607.26,1067,9035,6339.72
746,4291,6556,379,743.84,5946.06,814.96,1243,9934,6891.87
1625,4271,5606,946,185.95,5566.05,940.95,3863,9300,5472.33
693,1294,7163,398,58.57,6192.27,330.85,4487,9282,5839.94
1395,4441,3585,620,401.94,5159.3,716.5,8458,9907,8146.09
623,3456,4024,227,360.88,5978.1,577.41,3673,9923,7832.7
698,2258,4078,836,163.75,8506.3,388.49,8595,9879,8799.34
471,4887,3134,684,580.3,50.49,417.99,1443,9199,8807.45
1903,378,4307,429,925.6,5686.2,926.94,6227,9192,5455.62
259,430,7282,694,394.78,4020.64,159.26,3812,9642,6193.4
1048,3039,5865,707,516.99,4027.43,947.15,6315,9160,5188.57
194,3081,3462,770,909.74,5144.4,877.5,2715,9422,8408.77
1787,2805,3880,876,424.62,5583.14,612.93,20,9838,8192.27
1737,4298,7842,865,779,8284.84,783.9,6709,9708,8273.7
97,943,4403,573,780.3,2988.75,505.52,3261,9026,7287.81
566,4332,6005,661,251.53,6292.72,732.39,7418,9681,5652.51
1934,4169,5504,740,878.85,3947.41,911.34,2776,9181,5024.45
737,2735,7429,125,150.89,8303.38,950.31,6067,9523,8633.31
1767,870,5140,937,16.62,8708.38,640.12,1087,9346,8928.68
1808,3168,6824,608,975.86,1081.58,69.72,1188,9365,6141.46
952,924,3292,874,928.87,3203.38,751.53,2310,9668,8360.93
435,4825,3133,338,64.98,2323.28,158.41,8404,9392,6838.68
1358,2167,7971,954,666.33,8860.46,191.58,3382,9644,5492.14
756,4708,2701,514,640.18,7603.87,983.18,4514,9464,8822.86
238,4100,5432,872,992.53,3817.33,218.3,2032,9777,6330.64
1693,2082,2067,936,63.16,3934.83,130.88,31,9918,5871.32
419,4773,5520,345,376.32,6530.1,801.96,1629,9247,5996.69
1288,33,6178,199,525.78,2464.57,331.46,4113,9907,5160.7
815,4476,1285,486,26.58,7853.13,18.4,3175,9262,7090.26
362,1975,6322,947,287.03,4475.17,957.69,5254,9089,6760.57
62,4072,698,301,945.03,8055,260.16,1836,9901,7864.6
22,2324,1170,448,490.77,3232.93,93.73,8470,9447,5899.91
1442,1357,1043,481,223.36,4297.56,509.14,646,9792,5814.75
1547,2535,3767,223,565.82,1728.95,443.81,933,9171,5665.43
581,4046,4298,674,417.01,6161.88,890.45,1042,9219,7329.64
1885,3041,5329,581,107.28,8070.22,734.28,405,9887,7368
481,3446,5203,489,254.15,813.48,483.73,665,9689,8271.45
518,317,5437,570,368.69,2423.39,747.73,2607,9610,7983.8
1125,1183,1113,186,464.62,7647.63,115.12,8108,9587,7187.27
1448,2330,3186,308,114.94,4995.75,261.18,274,9856,7374.25
1190,662,4203,193,753.58,7490.86,312.33,1918,9378,6693.48
1692,3943,2285,623,845.63,8808.56,486.88,3920,9763,6633.06
803,1188,4602,284,185.64,3312.25,30.73,6158,9718,6772.87
1072,674,4851,54,211.81,1431.17,691.69,441,9915,7643.58
1244,3532,5042,461,987.05,6689.93,595.05,5593,9074,6974.03
1148,1719,2592,555,428.52,2053.77,869.81,2037,9764,6586.51
494,4934,1872,662,279.45,5548.15,827.31,4387,9087,5289.9
1479,2589,6756,940,181.5,1889.02,902.64,2045,9617,8390.5
1710,135,3313,707,103.28,7172.05,840.3,566,9199,7357.71
1064,4683,6882,537,644.5,4405.69,542.41,4804,9353,7718.74
1463,3522,1028,498,248.78,4249.03,207.34,2484,9738,5276.88
132,2436,5687,46,466.45,1639.73,680.61,5448,9789,5356.36
139,3621,5864,769,692.38,1432.2,167.05,4688,9242,8287.19
1225,4403,1398,210,715.25,8601.75,629.48,7148,9671,6564.46
1567,3144,1285,812,885.37,1395.7,153.29,6787,9090,5655.75
1282,3817,5817,177,108.85,7123.55,122.59,1472,9174,8400.1
882,4745,2157,800,663.56,452.55,855.22,2862,9001,7160.42
916,703,6519,812,745.47,709.31,302.63,3760,9458,8779.94
1056,2160,2464,231,872.34,3272.38,707.05,7043,9563,7658.64
1857,1087,4017,921,408.72,8331.16,625.37,6644,9818,6573.37
1352,87,4858,332,155.75,5648.65,643.36,8109,9782,7729.95
348,1001,6957,735,835.55,7120.2,833.91,6708,9620,5795.67
1338,2278,227,424,66.76,2651.84,218.94,1957,9516,7385.86
1471,1258,2250,598,440.27,8312.72,689.92,1459,9906,7546.32
1970,3261,6369,884,591.43,3099.06,962.23,3150,9099,6544.31
544,1121,406,81,596.95,873.14,338.89,4745,9650,8526.59
480,3905,1153,945,188.43,6994.86,961.72,5229,9628,7953.94
1640,3355,7895,922,834.21,7609.04,118.29,8357,9006,7955.9
1735,2000,7538,413,723.81,6396.42,966.8,5001,9129,6328.74
414,1135,5775,811,526.55,7301.58,909.23,2092,9602,6055.51
648,321,511,689,69.62,6641.85,553.3,7858,9956,7533.19
1477,1458,7267,106,857.65,2768.8,884.73,80,9126,8772.07
1927,1052,2862,728,124.25,1358.54,176.3,8129,9970,7423.89
1594,3236,4944,270,124.52,3838.54,107.03,3400,9322,7061.65
391,4598,3195,262,461.46,4442.37,172.85,1873,9543,6705.61
1022,4774,6595,572,826.49,763.63,980.62,1484,9094,6320.13
1809,3075,6846,505,283.59,7849.32,101.26,7276,9676,7328.46
798,4707,6345,729,408.26,5454.14,756.05,101,9928,6584.63
823,1608,3933,801,811.05,5812.86,951.95,3561,9320,6028.05
861,2233,3424,714,645.53,2406.08,869.95,8531,9880,5402.31
605,478,7931,242,323.73,4464.02,760.05,5804,9175,7055.24
1566,4933,1354,622,652.01,1076.64,274.83,6603,9386,8455.79
1569,1676,1084,297,874.52,1394.85,133.41,8233,9389,6192.27
1589,2450,1459,485,542.06,6532,645.21,8022,9266,5845.12
1462,1811,7613,565,198.13,6333.7,612.82,8438,9826,6512.85
1181,4633,6486,543,305.22,5195.21,736.02,3761,9894,8379.94
1714,4561,5729,974,742.48,8379.93,849.55,7090,9704,5282.8
1974,2513,238,672,566.68,3965.64,846.22,816,9056,6807.99
1060,3580,5539,203,693.85,1832.2,235.89,8703,9276,7928.12
1540,2532,4782,674,686.61,5178.91,596.77,2768,9804,8739.62
1822,4343,4201,60,841.72,3027.4,331.39,7199,9264,8190.85
185,4743,4647,40,653.82,6115.74,495.74,947,9200,8979.93
1619,2701,3870,977,760.32,7045.72,849.82,4711,9350,8452.87
449,2668,5624,85,785.64,8413.43,529.91,8692,9589,8582.48
427,4409,7222,254,245.75,1737.38,815.31,3162,9398,8694.25
1554,186,357,316,362.74,7359.51,770.4,6494,9848,8486.17
1649,1868,6916,174,205.97,3942.04,134.64,7715,9628,7738.32
567,3852,3317,576,963.2,703.55,22.35,5224,9800,5421.03
1784,1425,2430,936,205.15,119.32,328.64,6477,9029,6856.31
1325,3506,2906,687,53.91,4532.39,168.76,3985,9370,6695.35
651,869,3365,372,312.94,8109.32,627.57,5234,9397,8339.26
1628,3321,1402,76,297.19,2543.73,413.99,3844,9002,6890.28
1962,594,7096,24,341.99,1815.71,486.96,520,9120,7968.67
524,405,1549,705,585.38,1085.13,715.76,6342,9868,7493.28
461,14,2881,565,247.15,124.76,945.89,5987,9734,6168.12
1592,644,5053,414,61.04,8415.37,143.6,2456,9324,7059.57
532,56,4123,205,111.05,6052.85,599.07,4621,9870,8351.33
362,1653,4499,585,644.86,7543.18,414.49,8786,9652,5707.4
44,1228,588,455,428.43,4390.57,579.17,7889,9827,5017.39
417,4500,6013,467,535.05,8092.56,289.44,3034,9115,5048.7
1269,3837,5779,776,461.28,8045.25,825.68,2225,9373,8318.22
1079,2503,3393,173,213.6,8021.94,126.63,7985,9299,8053.23
781,1089,27,95,684.27,2235.38,394.87,8826,9062,6985.01
1808,4198,498,436,953.84,2654.44,764.87,41,9104,5619.14
194,3690,2312,660,201.95,83.68,810.86,153,9977,8370.3
419,4373,1908,867,591.51,6721,326,5159,9286,5261.2
1252,736,3409,890,774.56,2436.53,957.6,864,9879,5302.89
717,4788,5286,820,534.17,6697.29,241.83,3416,9725,8136.62
47,717,6734,670,853.27,7657.19,580.45,8828,9193,5684.76
1284,1377,6205,343,790.53,1295.33,432.87,5038,9869,8976.6
1993,3,7315,345,886.81,4537.13,964.36,1834,9650,6963.66
1760,3193,2706,280,324.25,8268.53,827.4,3277,9380,5675.62
779,1247,5257,502,808.29,1333.63,271.52,2045,9357,7995.7
1347,3175,4636,774,203.96,154.7,810.29,4019,9423,8362.62
153,786,537,290,745.52,5389.04,167.31,7050,9654,5168.56
1620,74,766,547,568.76,4061.7,214.85,4852,9233,8930.48
725,378,2202,223,580.48,6364.58,681.32,4837,9163,5058.19
1433,944,5918,583,558.1,5611.85,368.17,3744,9857,7646.76
1623,742,6609,911,225.29,1707.08,204,8205,9203,8739.79
1735,863,1046,33,135.04,5818.45,913.7,7012,9887,7581.1
882,729,2856,308,641.2,8373.09,260.72,6972,9336,5666.78
1022,1883,4195,27,129.3,6570.08,407.21,8110,9671,6738.78
576,609,7871,694,89.1,6461.74,173.15,1041,9509,5250.63
259,4209,6950,994,355.81,2859.61,650.2,4701,9242,8087.4
1020,2896,193,583,31.25,8663.68,824,1468,9892,5765.64
840,3103,7364,246,411.96,2759.48,577.71,8332,9602,5093.7
455,4830,62,335,381.59,4566.56,562.62,4336,9208,7801.45
1937,1040,5385,314,770.63,4690.48,411.65,6915,9866,7655.9
903,2893,2552,298,651.17,416.26,355.9,3266,9975,7614.64
821,3727,4226,499,296.9,7899.84,49.76,6407,9461,7538.05
949,3564,6052,670,406.91,4554.8,562.65,2127,9549,8097.19
1757,1439,6729,916,167.09,6186.9,137.1,5238,9856,5606.47
1693,3923,2225,325,236.65,5521.2,895.03,5959,9018,5674.01
285,131,6286,340,279.72,410.08,424.47,3457,9521,7754.05
263,4591,5900,436,455.55,8366.92,92.13,476,9770,7666.93
1682,1926,3001,356,421.98,8356.95,444.62,4535,9958,8338.7
738,1654,4487,258,618.4,909.52,866.13,4615,9513,5879.83
1010,3724,999,144,978.44,2821,114.09,7820,9272,5262.59
743,2143,762,206,683.2,1919.11,761.66,3867,9535,7466.82
389,3897,2366,212,970.69,1890.8,564.84,7033,9706,8494.02
1259,710,2997,261,30.56,5973.82,754.8,2383,9831,6649.25
686,4447,7589,658,893,1847.09,226.54,1364,9441,8306.54
1764,2189,5684,122,765.53,7725,546.94,8882,9980,7893.6
1030,2413,6763,4,294.06,5269.02,215.52,4984,9108,6573.08
721,2493,2607,43,496.45,2553.35,142.54,599,9986,6642.31
904,2954,2940,14,441.92,6798.2,321.47,6121,9979,8367.08
1984,105,2865,126,303.16,2025.97,739.08,5208,9351,5181.39
877,3986,2367,113,202.4,8048.68,993.54,1260,9978,7624.97
533,3389,2461,962,884.95,2588,647.18,834,9773,8633.09
1758,2669,5822,897,90.36,3524.81,315.11,6395,9922,8251.18
1556,364,7737,401,980.98,1587.51,975.31,5983,9030,8291.75
1683,4064,7187,858,108.9,1613.74,911.17,973,9297,5339.44
115,3471,2047,578,461.24,4798.26,464.83,3301,9217,6540.13
1641,4105,6684,522,43.08,7085.57,847.23,6196,9831,5584.29
601,3884,410,448,313.15,5262.99,102.53,6866,9899,8028.88
1270,2255,5350,280,245.53,8100.01,672.78,1036,9499,8421.71
1073,3240,4979,753,987.12,4170.35,380.58,6069,9029,7195.05
873,1444,4260,757,541.02,5433.62,690.25,2453,9886,8434.37
1374,764,4438,849,795.19,4002.3,381.59,5987,9634,5500.87
54,514,6052,394,70.04,2260.76,781.9,2534,9215,5657.59
1417,1999,6578,777,551.44,1408.79,192.96,4951,9612,7480.14
574,3068,4298,429,546.51,4670.37,905.87,6960,9733,8461.09
1284,4848,632,162,185.94,3269,19.34,3070,9536,8301.81
632,3498,3295,902,792.57,8363.25,651.08,8862,9544,7256.34
39,4762,1360,44,361.58,4942.69,830.11,4911,9178,8746.51
95,4625,3319,264,912.24,6045.05,198.93,2521,9532,6022.7
1861,1654,6748,947,809.86,1190.64,498.05,4670,9874,8503.21
1395,278,417,100,251.91,716,431.12,2864,9208,5574.82
671,2051,1355,405,758.72,6213.83,464.63,8100,9563,7027.88
800,590,4787,293,628.69,3313.1,19.83,898,9019,7653.14
1244,4162,5746,141,698.87,841.94,808.14,3183,9233,7283.37
350,2215,3776,521,760.51,8445.34,430.67,2111,9927,8426.98
1178,135,380,235,961.75,3860.01,465.29,8065,9905,6965.26
1628,519,7252,260,600.21,4894.88,149.15,722,9955,6909.02
406,1633,5838,448,398.72,4660.49,801.97,5438,9353,6617.3
1447,3399,4035,91,682.96,6369.11,495.31,8524,9999,6661.85
1762,4935,3368,812,53.53,3109.04,556.57,4295,9936,6166.85
650,3880,5136,906,728.52,4115.7,884.27,4139,9768,5660.21
34,1763,6096,863,923.72,8704.36,935.25,2869,9000,5735.43
1174,1697,5381,685,230.28,6523.76,914.14,5879,9899,5201.86
972,2423,901,572,263.42,6716.24,28.63,1994,9163,8074.96
1038,1678,724,565,410.26,465.34,640.19,8875,9883,5683.64
265,4090,1907,142,374.08,1614.73,368.66,1212,9495,7782.34
787,1944,5072,505,831.09,4251.75,561.49,2191,9283,8702.45
721,929,622,721,108.21,7859.41,96.05,4249,9967,5091.73
256,1189,4233,82,212.08,5844.03,213.85,6946,9596,5311.47
1074,1207,4876,872,149.35,293.83,278.77,7825,9974,5838.58
1415,3037,2115,346,366.33,718.82,442.18,6436,9165,8808.34
1400,759,3222,525,702.89,8425.28,956.78,8870,9997,5897.14
1391,2991,2837,668,25.97,7628.17,32.46,2447,9607,5801.41
1314,3518,3607,187,605.17,7988.25,433.63,8114,9291,6290.72
28,4985,364,633,555.26,7187.36,331.8,449,9508,7262.24
46,4842,7683,653,626.17,2105.04,969.22,4789,9368,5450.56
1803,424,97,513,350.4,2865.73,149.44,4496,9256,6040.92
23,4711,1429,844,408.3,3855.61,558.82,8613,9293,5796.13
1997,2680,385,994,22.53,664.94,582.56,2580,9118,5306.63
1543,1922,1062,831,561.65,336.51,778.83,4426,9826,5724.13
867,2092,6978,359,55.64,6281.03,290.31,4316,9404,6151.1
701,2059,7969,389,861.28,5743.62,941.17,3551,9769,5031.72
896,2456,1725,5,74.98,3230.47,923.37,7580,9200,7480.94
148,3845,7267,232,334.15,4562.71,635.65,5384,9994,5636.56
1695,3116,6155,436,430.52,4454.38,376.21,6756,9464,8627.76
1373,850,3722,201,656.21,7353.7,302.23,4760,9328,5643.8
1862,2722,1913,892,359.71,6364.98,539.56,5919,9077,6913.76
1708,2133,2611,977,583.13,2525.36,778.53,1652,9239,8451.43
608,3949,728,126,958.95,8955.55,106.52,171,9952,7870.39
962,2722,4276,111,920.44,3124.82,319.8,5259,9136,7565.9
1692,926,3938,4,592.46,4180.16,44.43,383,9136,7720.9
1054,1937,5982,439,57.74,3497.08,577.15,5670,9272,8543.35
938,2543,1184,825,273.42,4601.11,515.43,8230,9926,5358.64
1394,4618,5229,752,397.43,5631.39,384.91,4114,9530,6763.95
893,295,2797,320,79.55,5325.83,599.6,358,9813,5183.86
1165,1015,2912,487,187.17,1034.68,86.23,4196,9077,8359.73
6,1904,3970,276,29.05,2005.77,716.46,714,9298,8945.85
11,2360,3006,799,785.64,8453.32,984.03,3059,9364,8921.71
1725,2440,5475,469,834.22,5539.72,476,1841,9715,6270.93
818,992,1757,846,35.56,8957.26,106.46,3456,9802,8125.03
322,2109,3267,872,353.03,636.18,404.96,3678,9381,8870.63
1082,2554,1822,89,577.81,7663.72,956.13,6022,9195,8456.73
1087,8,5242,728,952.31,1501.09,784.73,2295,9992,6446.59
375,4123,6411,607,112.19,700.47,680.04,545,9273,6131.63
1644,163,3852,438,87.12,944.58,211.89,5562,9977,6251.11
101,3569,4441,27,480.21,5076.03,186.87,7036,9478,6314.51
1552,3642,6424,635,172.3,779.92,260.15,5806,9794,5198.28
1879,2710,7192,333,225.56,5386.91,123.38,8883,9941,7339.58
1933,1752,7885,279,980.46,5231.98,343.45,7525,9426,5620.04
1812,4197,4636,339,892.28,8422.32,598.22,310,9351,7788.87
878,3277,6318,20,415.56,6518.91,616.32,1032,9726,8441.81
600,2035,3299,842,201.63,868.06,288.5,6575,9501,7879.92
564,1694,2223,564,85.19,1372.93,404.52,7112,9942,6119.33
1488,1090,1023,756,859.3,7365.15,782.95,8768,9688,5110.29
1190,3956,3637,700,458.3,7028.57,580.21,6558,9718,6680.79
880,3601,1124,170,536.83,3778.74,241.87,3303,9022,6836.54
26,844,319,142,114.08,5358.19,491.18,6559,9755,6493.93
457,3292,6584,420,232.09,6015.45,298.18,4985,9820,6756.08
1272,4735,5256,291,216.08,3444.16,545.19,8844,9787,8415.6
166,1474,5447,598,684.18,2464.97,112.45,1693,9867,5122.98
1788,413,4323,288,75.79,8870.83,586.18,8589,9505,9000.19
765,2805,3779,635,406.2,6177.21,541.94,5433,9237,6518.58
771,717,4091,578,572.96,6553.41,929.35,100,9780,7698.07
1289,3186,987,706,296.19,1599.87,156.25,2305,9592,5164.8
1417,831,2987,629,38.65,6361.05,222.5,3455,9165,5940.5
1403,651,5387,399,624.81,1678.47,563.88,6924,9908,6117.66
977,3155,38,51,880.45,4362.03,989.23,2029,9456,7465.21
279,2899,7268,451,570.95,7755.47,870.94,149,9439,8249.55
951,656,7007,860,847.53,74.79,675.97,379,9010,8812.99
1744,2923,2114,600,942.89,1549.76,361.36,1523,9889,6700.53
163,696,60,917,111.22,7822.03,702.18,8314,9048,7623.76
1526,3932,3910,251,526.01,7509.35,512.44,6472,9879,6303.48
1923,1011,297,987,796.91,5322.32,962.94,5895,9984,8719.87
797,963,4631,376,577.21,7438.21,875.33,8642,9206,5281.08
1825,1265,2388,849,930.51,5172.42,628.97,7850,9115,6842.49
290,4859,7136,368,674.16,4519.38,239.98,3298,9981,7108.3
1873,2832,7024,779,693.74,8079.2,749.28,1893,9643,5765.37
1983,2502,2484,804,551.88,693.01,6.9,1775,9313,7292.75
1378,3646,1988,4,713.32,7016.71,322.02,7745,9464,7680.72
1443,4889,7489,739,357.39,901.73,646.03,4922,9422,5884.65
1438,802,7104,11,44.29,3219.5,22.01,4220,9802,8541.9
1598,4435,704,578,534.9,1562.73,138.39,4245,9963,5417.56
1900,2437,7101,967,292.57,3124.45,897.26,8192,9660,7786.15
1359,551,672,953,595.34,5906.15,417.94,5531,9906,5623.77
623,2151,4778,649,465.25,1515.76,778.22,336,9870,5531.4
113,1578,6497,94,14.73,3067.22,281.68,761,9456,6554.15
975,4106,4700,315,605.87,138.64,386.16,801,9240,5117.04
983,2510,4110,37,634.18,2230.26,978.63,2413,9814,6668.03
572,1008,5677,503,546.67,7907.21,147.48,2661,9992,7856.88
1720,3358,7591,13,764.27,3885.41,33.91,3641,9933,8193.51
1177,4015,7175,140,790.37,5850.1,549.88,1568,9199,5578.62
1136,1963,6438,70,477.24,4674.3,564.06,7489,9663,6059.58
191,4329,926,665,124.13,1750.32,19.64,4793,9385,6055.21
1778,2942,580,946,360.88,3822.4,579.4,1214,9749,7626.49
910,1736,932,764,112.52,8220.2,396.55,6709,9718,8040.56
1075,2331,624,684,489.46,1085.51,967.43,5482,9009,6917.8
1279,1043,4681,692,845.53,2430.77,312.79,99,9926,8191.04
407,2016,7681,508,262.66,3379.02,790.72,1170,9960,8501.98
1329,3619,4882,113,263.37,698.48,406.29,6680,9138,6882.21
545,4111,6843,741,910.02,3193.57,654.76,4820,9841,6197.09
1805,3006,3896,590,687.98,7.48,638.95,287,9943,7023.61
1711,4070,538,580,428.69,6757.51,741.74,8772,9656,8980.53
580,3611,7095,164,311.58,1462.58,967.67,5754,9427,5643.16
470,2653,5552,259,217.91,3880.38,573.32,4143,9678,5956.95
189,863,7788,895,854.58,1492.15,294.05,397,9700,5431.44
1435,2372,3329,939,873.7,1224.33,978.08,2340,9562,5209.62
350,1559,586,350,152.86,663.72,670.11,2960,9564,5984.32
737,3,2715,234,53.4,693.04,984.88,4309,9233,7051.97
460,2148,3488,111,299.47,359.31,911.89,2510,9399,8846.4
794,2431,809,314,343.57,2609.29,857.52,5188,9036,8559.47
235,4489,312,852,49.15,1646.61,937.67,3581,9308,7401.13
1755,2909,4380,329,567.54,6814.15,721.05,2027,9495,8801.55
1630,639,5703,1000,433.25,5876.37,149.14,7074,9681,6032.32
1280,2560,6126,115,627.21,8987.22,289.81,8337,9139,6729.59
1969,1035,2084,402,640.85,7289.95,140.49,868,9792,8329.23
1342,3265,7173,640,148.95,647.57,924.76,2073,9482,8752.18
452,3206,6676,256,715.29,6646.09,874.63,4645,9066,5720.44
1166,2126,6034,20,35.18,8793.96,78.36,420,9279,7635.55
911,4809,2228,350,782.3,1229.85,494.15,2033,9065,5769.15
221,2960,1476,468,911.36,3492.76,733.8,8983,9705,5102.47
1498,1304,1223,533,617.08,1630.41,287.25,590,9819,8970.19
1497,2445,5118,240,55.79,5824.74,638.24,2796,9442,7855.9
1956,3475,4438,355,218.84,4183.94,760.1,8038,9662,5318.22
1343,1248,3510,84,937.16,6481.24,127.71,6588,9161,6735.59
1136,4508,4476,350,9.58,594.62,66.63,7631,9312,8762.81
470,4045,6765,924,951.15,2596.96,366.75,1392,9483,8275.49
1325,4141,7009,315,364.57,8405.71,129.45,2210,9752,7720.38
1212,3332,5890,19,720.93,4809.55,386.67,4684,9350,6676.27
1683,4180,3303,876,215.98,1699.57,691.03,8204,9973,5518.61
782,3054,4180,40,30.43,8368.2,514.38,292,9801,7917.58
1862,726,5228,824,301.16,5981.02,142.89,6430,9365,8818.63
1443,4490,1008,231,898.07,3750.48,602.22,254,9334,7510.95
301,600,417,503,606.21,758.49,927.17,7891,9335,7505.25
285,4892,7482,635,678.82,1377.75,166.01,1764,9272,6944.77
339,878,5924,619,507.27,4913.91,429.75,8903,9657,5010.02
1352,2185,5701,200,417.39,6500.48,997.77,3505,9331,6004.35
1123,4774,2586,943,753.16,7232.81,216.74,3500,9255,8473.62
432,1318,4010,189,836.26,389.77,775.88,5037,9997,6066.87
908,563,4768,320,32.03,5214.44,187.83,6873,9604,7046.91
853,4216,7610,582,511.25,5640.29,453.87,2050,9625,8606.14
322,2183,6413,668,608.85,7694.19,742.86,2633,9003,8394.54
362,2036,6846,259,406.36,6989.67,445.32,1021,9467,5469.68
680,963,4631,73,721.82,2881,304.24,7482,9872,7192.06
870,4683,1641,608,628.54,2843.52,25.88,3763,9582,5400.88
1089,3158,5107,282,679.74,327.8,886.81,7268,9486,7929.56
487,724,1714,824,6.58,6329.25,667.74,7593,9913,7217.45
1625,4731,939,303,919.07,4958.42,695.59,5465,9222,6452.23
1574,2026,4307,722,184.03,1632.78,151.72,4562,9949,8207.02
1797,1090,6167,827,788.5,3214.66,938.01,6786,9896,8270.48
132,2425,7939,538,51.66,49.11,168.45,1580,9060,8715.5
16,1638,7859,834,474.27,5530.57,769.45,1586,9289,7473.97
1383,1777,7472,262,14.87,1823.41,49.52,8885,9741,8190.95
1959,5,3848,174,201.29,1249.8,221.73,2961,9625,6810.62
1081,4986,3118,724,626,1049.98,181.22,5719,9705,7481.23
1035,3570,2063,248,338.72,1087.17,390.08,5406,9886,5277.4
1207,621,6517,134,572.14,6043.93,650.17,3396,9905,5127.29
1539,1555,3772,240,696.42,5954.69,801.61,3081,9416,7347.88
1038,1092,2735,596,697.44,4764.55,276.63,4939,9255,7409.21
1221,1995,4634,36,892.21,8159.85,991.69,2987,9332,5804.17
331,2866,5068,968,799.87,7674.33,94.31,3970,9202,8588.65
1966,2917,7205,815,597.7,1526.88,673.04,3332,9188,6903.59
1382,4500,4586,667,225.55,4093.56,249.28,3900,9754,5637.38
49,2188,5519,538,638.53,6070.99,112.15,6801,9530,5075.57
261,2176,1346,51,957.97,929.52,975.92,699,9782,5095.63
453,1914,3106,458,679.19,2813.21,224.78,8912,9221,6986.37
1466,1348,7404,156,685.54,7133.4,917.55,185,9247,6867.64
15,992,5935,404,211.96,1022.11,765.84,5099,9697,6372.17
590,48,3470,283,288.41,2119.48,521.02,313,9282,6410.38
60,135,2559,172,718.69,4659.7,455.8,8941,9937,6556.58
315,4993,6930,248,713.4,2670.26,908.96,8184,9440,8485.5
153,544,6072,9,868.02,4909.32,781.85,2829,9251,7696.83
283,6,270,284,810.18,8280.38,315.56,711,9278,8187.83
1427,4457,3424,377,764.84,8295.14,91.4,1388,9564,6656.25
1356,23,5731,689,953.43,4569.85,262.96,1860,9774,6704.83
1230,3708,3633,931,871.7,3025.78,193.7,8744,9926,6270.5
1852,3650,5270,725,366.71,3177.65,286.4,5097,9593,7561.94
1503,2181,6304,313,168.68,1397.26,855.51,3443,9750,8407.62
554,2,50,34,243.44,5034.22,78.76,172,9514,6747
1628,2939,2480,183,225.34,5780.92,544.42,2812,9438,6203.69
1874,2669,3876,749,156.57,5593.42,160.16,838,9195,7843.23
1773,286,4891,108,539.07,328.33,148.69,4693,9011,8081.36
776,672,5276,292,100.19,582.2,729.57,3895,9194,6503.41
1753,4641,659,524,770.05,4602.46,347.13,800,9954,5139.07
479,2544,3120,697,847.42,70.71,331.69,8475,9654,8794.3
417,1931,3901,224,938.76,7781.91,778.88,541,9550,7057.31
1277,877,4837,334,768.82,631.46,793.5,2373,9963,5060.11
18,4855,7227,786,222.22,2774.07,404.28,2396,9811,8313.66
1170,1580,195,861,179.7,7218.16,961.87,8062,9571,7193.21
964,93,3860,327,290.99,85.93,784.19,8320,9789,7921.93
629,3621,777,675,454.02,342.97,709.88,2190,9429,8195.7
879,4882,1225,121,875.66,8500.59,458.59,7501,9297,5158.29
566,81,4182,159,285.95,1876.78,635.29,7884,9534,8023.31
1327,1921,2712,39,446,7680.65,301.76,2051,9690,6846.27
1861,4101,733,719,257.54,648.5,937.2,8660,9929,8389.06
357,551,6881,140,816.35,581.19,648.95,3957,9969,7284.11
1552,3735,7556,708,929.89,2071.47,955.26,8843,9776,8334.61
873,4981,1354,62,951.76,921.42,885.78,1147,9317,6363.24
187,4024,3898,392,539.57,1102.2,312.65,2171,9899,7246.6
1033,1637,968,673,217.94,2752.16,671.32,1356,9143,8898.71
1729,2284,5897,793,489.3,156.3,491.83,5589,9054,5117.95
1106,48,6191,973,201.73,1040.49,874.85,7178,9932,6182.8
705,4325,4071,75,620.19,5034.57,396.59,8246,9769,6041.86
1859,2673,5984,512,961.85,3428.75,665.16,735,9732,5743.71
800,4119,3882,563,488.82,3112.66,904.89,2023,9256,7337.56
638,4726,6847,323,39.98,7190.8,229.81,7323,9009,6725.19
82,4950,6947,510,554.87,3164.01,643.34,4807,9253,7060.1
561,720,7431,970,844.13,2634.1,926.98,6026,9986,6357.53
1270,2232,7323,500,866.38,3385.52,395.97,3185,9753,8381.75
1401,764,4728,173,808.92,3656.1,753.11,7930,9983,6399.15
645,1118,5392,385,520.85,3818.84,368.9,6313,9208,7631.71
1171,2623,1629,346,88.99,92.46,412.02,6384,9568,6494.77
1078,2394,6702,198,449.51,7176.13,262.79,8409,9779,6791.3
1748,203,1888,669,137.07,4285.26,780.76,6207,9761,7517.17
1715,1212,7162,363,847.24,5858.51,89.57,623,9316,5227.48
87,3405,7863,26,411.66,6498.89,292.56,959,9267,5064.84
432,499,5845,141,706.53,8990.51,184.35,2923,9869,5498.39
191,16,7091,962,127.41,2133.5,66.19,5028,9145,8362.92
306,3892,7393,802,931.23,4999.29,678.96,3272,9756,6952.19
1842,1005,7893,462,519.86,7407.22,687.46,4383,9738,6953.37
1390,910,1030,869,549.17,3757.24,967.12,5226,9508,7111.75
1288,4168,2886,349,31.95,2998.71,840.71,7526,9763,6616.37
81,3826,4188,707,12.18,2036.09,328.69,3842,9334,8348.19
1535,1210,2577,133,639.98,5042.89,73.28,7720,9844,5581.48
1070,3108,147,809,799.26,7998.58,769.64,7891,9088,5098.57
441,2725,7448,712,860.15,5996.74,592.54,6558,9236,8067.55
1486,4366,311,878,734.73,5192.07,731.09,7384,9362,5906.72
723,472,7450,245,736.72,2303.88,763.35,2857,9396,5312.59
1224,4286,2095,353,795.68,1975.39,337.95,7201,9552,8501.53
197,3814,2017,545,350.72,2915.93,739.69,3298,9808,7118.81
1595,3865,6270,89,236.51,6747.66,877.83,829,9141,6065.78
1953,3516,7972,444,43.03,1241.5,73.14,8229,9535,7108.28
913,1113,5183,845,71.92,3272.12,553.83,1750,9136,7604.56
1779,2426,7183,753,909.26,1935.36,181.41,4608,9810,7290.37
858,1615,1832,582,290.24,7049.47,546.59,3230,9468,7063.59
221,4349,3773,826,114.2,6366.01,532.49,2693,9089,5705.6
1781,4959,515,739,603.05,1852.15,430.07,6428,9181,6940.78
991,842,1312,468,262.89,1747.13,255.3,8850,9097,6416.74
668,291,5367,147,975.61,3960.18,201.86,8957,9464,7140.72
1525,4311,6491,33,446.68,6966.59,974.68,6574,9163,7429.51
893,2100,6592,687,732.61,3155.22,684.93,2886,9722,8170.02
391,214,2593,214,710.2,3313.21,580.63,7574,9018,8405.13
92,597,3774,848,56.03,4552.72,515.64,8413,9923,5980.23
1760,2678,3898,804,30.38,6864.8,257.81,1844,9790,7116
1593,1160,4624,207,256.43,4850.21,703.27,3430,9669,8722.37
1533,575,5538,229,535.33,6331.56,339.97,4204,9755,6129.9
20,4189,2108,743,985.88,4078.52,716.79,3628,9887,6656.83
1424,4179,3327,379,13.13,3160.63,997.53,1576,9876,8292.63
1261,4889,2554,494,88.53,1977.01,332.16,3772,9362,5221.8
903,496,2997,571,583.27,1308.2,16.54,6789,9932,7674.61
1803,1201,4867,880,946.12,8184.43,185.25,7908,9658,6712.6
687,1741,7401,558,116.45,6806.7,94.49,1514,9679,6647.13
1368,463,1351,559,764.69,7597.01,654.9,5784,9269,6052.11
1300,1348,2123,234,374.02,3823.81,854.84,5116,9749,8797.78
543,3938,3385,752,661.66,5243.49,458.37,1054,9149,5080.66
224,4858,6516,292,211.02,1919.69,521.99,7673,9035,5684.33
242,1419,1264,459,367.2,1998.35,560.08,6020,9617,8221.94
889,3328,4847,478,537.63,503.34,260.36,3462,9965,6612.13
958,4798,4841,167,151.49,7031.83,988.3,4627,9138,6768.65
1177,2541,5573,667,583.12,202.08,302.87,1695,9893,6520.64
1464,2143,1112,719,912.42,2406.26,432.82,2635,9522,6036.3
728,2722,3527,309,38.28,7425.63,307.72,7743,9848,5019.15
497,4426,7418,748,239.16,1178.48,831.63,4550,9199,6462.3
1015,3352,5012,295,708.57,3359.08,754.5,7922,9302,6510.63
1475,2565,107,892,612.68,8918.09,225.65,116,9591,8975.19
899,4328,6879,881,790.72,5528.99,435.18,5654,9513,5682.15
79,3157,5713,265,205.79,367.37,9.15,5043,9214,8094.76
628,956,1384,431,905.75,1930.94,36.94,2165,9796,7554.4
932,1590,2242,520,445.57,8010.33,35.85,5074,9757,7038.55
984,1932,1456,701,275.42,4626.38,620.64,6866,9684,5849.08
91,3396,3300,135,337.37,4999.36,444.73,1986,9203,8040.8
1914,2006,5109,705,195,6469.46,785.86,556,9713,6949.3
460,4729,3549,260,236.28,8988.1,994.81,1842,9511,6571.95
690,656,1562,106,471.2,5064.38,382.02,6171,9636,6064.86
1161,2233,6204,750,557.39,32.19,196.21,3583,9788,7743.76
415,2342,4660,666,110.04,4923.53,681.67,7264,9690,7617.1
575,3883,3335,829,202.05,4398.44,730.64,977,9251,6304.41
299,3645,3060,825,925.03,1012.95,52.72,8111,9006,8860.83
642,2235,7187,67,709.98,2189.36,585.27,1203,9586,7782.47
1534,3961,4620,995,289.57,7274.59,195.05,705,9510,5417.7
1361,4041,3844,356,54.39,8113.32,114.41,6872,9692,6688.29
1252,2967,6010,939,455.1,7446.78,347.5,4201,9206,7265.89
130,1085,2578,485,138.62,1531.57,519.56,7726,9383,6852.47
836,575,4267,389,440.33,8577.32,916.46,274,9074,6762.19
1935,3146,4317,205,406.41,5134.55,612.64,3790,9579,6502.02
1586,3381,5776,993,255.33,4805.5,606.01,2905,9064,6108.44
1201,763,7441,182,187.76,587.34,668.9,4349,9834,8471.4
1373,4916,4592,36,184.41,3453.58,5.79,3119,9177,5301.15
1882,2303,7139,921,221.89,1396.18,27.53,7940,9095,6211.99
329,3183,5657,137,482.58,7057.16,891.7,7510,9083,7038.28
1759,4942,7784,868,821.43,7264.26,573.51,2092,9179,6955.98
296,1865,1574,417,357,2476.99,682.32,205,9567,6284.11
1312,4975,1560,810,782.24,1220.18,794.61,5540,9314,8974.05
168,1333,3998,329,838.77,4991.62,177.79,5366,9638,5911.46
1207,187,1928,739,629.9,7206.39,320.76,8477,9245,5989.35
258,1868,6440,841,867.92,1955.55,628.81,5385,9239,6523.14
1874,1860,1547,617,310.57,1340.61,913.82,5631,9545,7173.87
1354,1939,7690,652,736.82,4351.52,217.44,5260,9177,5600.13
1118,1786,417,711,51.56,7904.95,104.38,6052,9367,7633.63
959,3365,2535,845,609.38,1529.99,565.49,4868,9663,5916.64
1373,4494,1751,505,823.61,2929.87,221.35,8516,9785,6623.83
1703,501,1058,100,856.6,6811.72,74.74,3749,9868,6118.46
1235,4149,6832,860,120.68,5245.48,396.23,3013,9724,7976.01
238,2261,5434,83,534.53,4660.71,754.49,1851,9852,7574.16
635,608,5104,535,748.85,4890.13,383.72,315,9485,7534.6
363,3342,1875,606,612.92,3761.18,776.08,2762,9840,8351.06
1645,391,4387,649,804.61,8866.54,530.44,703,9441,7488.69
1376,2357,3268,400,843.28,3441.52,134.06,4277,9877,6531.63
1316,1888,2539,737,734.2,1719.99,133.59,26,9831,6650
1021,2217,4919,498,494.67,3544.14,495.79,4332,9175,5131.8
408,3016,2004,634,530.79,3145.86,108.24,6780,9627,6953.3
851,4987,1505,877,736.25,5981.1,40.64,393,9675,7500.22
928,3985,3413,606,487.06,2469.94,862.25,1610,9983,8799.32
1421,4070,5664,246,592.56,7503.6,385.9,1516,9355,7165.04
1878,4271,7145,816,292.24,5073.65,590.16,4800,9406,8557.37
749,1953,1841,752,119.17,141.78,634.9,8651,9235,6724.08
375,3352,411,157,724.83,6125.69,285.58,4506,9030,5907.33
826,734,6985,772,702.75,302.36,100.25,863,9190,8095.52
137,2161,2111,123,323.46,3557.92,175.52,177,9044,6907.59
1677,1108,4319,352,445.4,1732.51,171.73,4445,9569,6868.35
458,499,855,270,430.84,3916.88,722.88,6215,9829,6560.33
280,1985,1827,765,246.49,8071.64,659.33,4762,9663,7205.35
219,3235,7044,709,38.28,8903.64,279.27,403,9214,7520.04
1074,4193,495,525,825.21,6060.94,206.2,5285,9974,5345.28
900,1271,5820,439,723.37,34.22,304.91,2959,9237,7228.41
450,2154,1977,811,63.64,1167.36,814.13,7501,9004,8780.12
1146,2704,2137,575,637.96,8282.3,219.25,171,9046,5810.09
77,1010,1948,477,510.97,1861.62,833.67,7762,9456,6635.92
852,1227,7731,143,367.83,2477.13,514.57,8597,9459,8648.2
685,4249,5357,246,207.33,1620.25,128.38,4801,9006,7116.69
1665,3023,6662,506,910.59,8402.97,201.51,6505,9833,8581.69
1126,4682,5955,610,658.75,135.06,315.92,7146,9015,7922.92
526,4283,4619,88,453.26,1646.02,778.82,8906,9971,8823.6
827,590,3403,714,18.34,4290.76,939.27,7672,9565,8324.7
1585,125,3354,838,560.7,8069.89,630.58,714,9004,7820.47
401,3225,4273,700,522.96,2668.9,827.28,7000,9846,7781.48
1228,3981,2805,856,47.28,7904.16,802.05,8495,9801,5964.74
1104,1297,840,33,600.06,3439.05,244.62,3525,9125,5724.09
51,3024,857,80,433.87,4632.25,6.4,5814,9376,7704.28
1480,1102,2752,274,176.51,7753.97,134.57,3231,9755,7335.02
1012,1499,4179,593,955.83,398.13,387.88,6869,9570,7408.91
434,2828,1003,655,260.99,7926.36,46.54,450,9285,7220.18
220,1129,413,375,654.67,242.13,869.74,5401,9824,8313.31
424,4800,4913,492,902.27,3084.7,390.06,2434,9023,6049.48
1752,1827,2531,397,307.46,2905.81,384.97,3910,9036,7438.84
1305,4445,4982,551,987.12,3026.93,40.5,619,9476,6848.4
304,2728,3734,603,675.84,7184.26,601.07,5712,9658,6119.45
1161,1103,3409,441,717.46,8557.6,720.31,6957,9846,8086.26
1404,3944,3586,650,870.25,5374.57,772.34,2220,9956,7275.54
1399,3973,2670,183,143.58,6189.29,983.28,3552,9391,5571
1355,3607,721,568,931.22,8852.69,424.06,5130,9150,5877.93
1948,981,202,529,621.9,4306.81,782.66,3976,9974,8409.81
1893,3293,7657,190,529.47,1079.74,87.32,7689,9001,7489.98
53,2956,5161,7,663.43,2912.12,611.3,1543,9240,7601.14
674,2703,3475,325,88.69,3397.98,256.66,314,9016,7552.03
1294,1046,4793,314,374.25,7276.97,318.06,937,9766,7542.97
1970,2500,3739,987,588.41,4007.24,410.02,7005,9312,7174.33
127,3398,7307,855,327.67,2773.68,704.62,2770,9454,5516.77
36,640,7899,227,597.65,5768.13,414.5,6715,9280,7818.87
1027,3708,7480,193,305.57,5708.27,628.42,7856,9226,5618.39
1517,1551,3594,960,666.39,7801.46,817.06,4576,9359,6102.8
638,196,6960,169,43,5917.75,198.02,6675,9542,6979.64
1302,4122,3327,381,732.8,7626.89,618.59,6127,9361,6794.38
1827,4261,184,500,162,4588.44,918,3624,9528,6122.44
48,4387,3297,779,878.9,987.09,236.14,8457,9690,5926.75
351,365,3308,337,297.16,6990.84,555.49,6496,9413,7415.66
641,1059,5576,749,113.25,8954.93,720.79,4896,9523,7623.18
917,698,5866,505,292.85,862.98,923.79,8418,9568,5796.2
133,4031,2299,373,559.38,3214.94,161.87,7332,9748,8033.7
1478,2230,831,131,99.66,5353.75,452.46,6133,9646,5935.24
897,2826,2662,368,486.69,7063.91,364.83,8846,9577,7563.09
694,4170,272,984,868.87,7235.25,815.42,7173,9146,8394.76
1942,4234,6868,881,673.73,400.58,18.42,5808,9253,8569.14
350,1772,224,179,158.65,2263.35,102.01,95,9040,7588.3
357,50,4763,124,151.21,559.34,864.08,8470,9818,7601.4
1447,4324,1574,543,332.75,5242.41,436.77,5881,9332,5230.43
1715,2021,4542,516,753.69,1456.87,428.18,1711,9345,6751.94
544,2888,2476,422,37.19,1548.01,406.54,7429,9039,7298.69
835,1595,6517,410,575.76,6079.52,209.1,5755,9122,5964.96
168,4512,3681,403,417.37,1752.82,859.6,491,9556,8351.02
1052,1135,3269,174,700.51,1164.69,217.82,2537,9159,7446.89
1249,4579,7952,748,439.66,4681.03,919.1,999,9131,8321.53
237,1674,5792,298,372.74,1534.69,579.52,2131,9851,8957.1
249,4855,6909,809,797.9,93,103.84,6906,9312,7919.8
1349,2285,752,206,749.35,8255.13,501.25,4235,9244,6856.57
1736,451,1183,314,379.46,1725.55,724.47,6138,9809,5574.26
1507,636,3247,352,939.52,5496.61,463.97,50,9776,6760.36
605,3707,5722,960,329.64,4808.05,49.94,7677,9154,7297.15
1760,2135,7333,157,635.22,286.43,289.48,4740,9543,6567.46
759,1672,4451,161,953.72,3845.98,132.28,807,9905,8382.89
776,1920,3276,440,699.82,5000.94,703.08,1496,9942,5806.05
657,3212,6798,305,805.74,7240.63,112.69,770,9938,7581.14
1305,411,199,377,147.57,7315.83,573.32,4695,9098,5302.97
1723,1880,6532,822,898.99,4617.49,117.95,2443,9352,6417.6
812,52,448,137,107.95,5062.83,321.4,3036,9616,5077.42
1148,4753,614,746,133.49,6908.18,371.98,8165,9639,5546.78
1332,2746,2111,330,927.11,2834.95,835.21,6324,9954,5271.51
240,1329,3497,321,209.76,6066.22,663.46,296,9946,8629.56
1157,859,1380,347,203.01,8625.8,532.78,8291,9351,5545.66
1141,1321,1250,903,776.99,2984.58,790.75,6129,9841,8026.24
152,92,6996,579,777.9,4537.04,394.69,7225,9992,6488.06
1160,3666,3687,93,205.01,4201.41,945.91,7847,9792,6467.08
629,3428,719,894,351.65,7212.09,389.4,5851,9792,6122.14
550,474,6475,249,254.3,375.28,658.31,5347,9890,8082.96
1363,4989,6987,698,186.45,5798.26,355.01,1424,9737,7575.69
1430,2387,1708,531,795.06,3148.75,330.06,2007,9947,6485.63
489,3060,897,191,778,2212.05,185.24,7437,9461,6493.74
123,1299,7273,107,521.56,8346.11,211,5997,9254,5326.37
1427,3258,1473,768,593.88,628.55,231.83,8915,9451,8275.28
748,1173,2609,784,931.04,471.78,730.54,1299,9930,8866.45
408,1873,5785,581,798.57,4939.85,640.05,2642,9688,5727.41
1384,1784,1089,894,769.85,5453.94,935.48,2082,9213,7153.44
1716,4868,2192,956,664.63,7145.78,983.84,4871,9226,8129.35
631,1266,3543,439,683.93,218.11,484.62,5068,9145,7671.62
1453,2000,3114,433,933.09,2448.45,116.68,1730,9176,8645.58
1038,2548,693,203,533.76,5795.73,781.94,6126,9435,8211.96
1194,2472,3596,916,412.06,7060.1,487.01,8116,9262,6998.38
1363,3105,4196,308,627.86,2889.97,162.68,2560,9539,7085.15
723,605,7777,758,169.1,2056.88,527.82,148,9440,7522.51
1597,792,4751,690,610.84,3372.63,313.38,8229,9858,7389.44
1384,862,5778,877,871.97,1535.06,528.87,3339,9578,6966.94
1003,4554,4588,267,317.95,2918.96,801.04,4550,9771,5038.43
1573,2653,571,104,173.63,5298.63,525.71,3073,9366,5761.45
493,2904,5708,696,464.42,4729.97,337.54,5379,9058,8315.34
367,3239,4274,672,148.67,6985.79,952.72,3271,9119,7961.66
403,1301,130,833,409.57,7114.77,205.74,6149,9246,7962.6
702,2588,2895,441,977.82,3834.91,612.78,3161,9488,6552.39
341,1046,4786,50,484.25,2933.22,381.28,63,9780,6894.91
1033,2019,2851,300,471.31,2915.84,250.34,6587,9952,7301.54
1717,189,4926,526,419.62,3476.61,430.47,4912,9897,6175.87
498,4277,1689,348,786.77,6901.65,300,5307,9296,8562.76
224,1389,6658,647,959.63,1259.45,194.8,1751,9216,6831.77
1316,2755,679,697,673.09,1102.29,242.27,7408,9458,7121.05
297,1966,3384,327,671.11,6813.83,30.87,993,9085,8793.82
591,1901,6018,380,391.2,518.21,717.3,7330,9943,7847.1
1792,3077,6496,735,111.13,1513.38,633.67,5636,9747,6397.59
1926,4285,1820,87,580.46,3191.48,922.43,926,9645,7115.01
551,4142,7030,774,578.87,4508.61,708.38,3273,9296,8311.16
1575,4097,2377,113,708.99,7178.91,113.52,3786,9332,8051.45
655,1019,2303,930,346.81,3375.03,705.64,7282,9496,6091.03
112,4418,7927,741,800.15,8365.55,421.34,6484,9355,7410.93
620,3638,1825,145,190.4,1751.54,476.65,7480,9030,8431.93
327,2212,6660,395,402,7376.98,83.54,368,9413,8757.93
1338,4666,7806,763,805.51,1512.76,587.29,4875,9983,5653.94
1356,4596,3709,117,421.32,3974.27,970.25,4662,9593,5218.31
833,1917,6147,490,942.72,8822.51,477.48,5982,9123,6131.36
372,4553,5195,396,200.68,411.6,59.9,4788,9099,7244.74
1854,2103,1228,255,253.7,5517.4,898.56,2065,9794,5216.46
141,3900,3114,873,587.17,5621.81,530.2,1489,9023,7725.73
534,4977,3048,826,689.11,5582.7,422.53,3881,9215,5286.84
623,2957,4005,726,443.59,3973.15,900.47,4935,9486,5359.58
451,4394,156,324,612.63,7695.32,102.42,376,9159,5634.16
1433,1808,5127,75,443.37,4431.04,186.65,8734,9710,7049.88
1242,534,6110,13,735.1,6275.06,138.79,7723,9047,6767.91
1915,2795,1015,801,320.06,2882.77,438.5,4908,9692,8043.36
687,738,4974,871,20.55,5684.79,986.51,8214,9115,6027.55
1067,1382,6752,877,288.22,795.67,592.71,8516,9888,7784.26
112,1890,5120,59,216.09,2651.21,661.24,8397,9997,5972.74
2000,534,3672,710,275.7,4083.55,924.13,342,9485,6420.46
491,3789,1145,692,792.7,4001.9,390.87,6773,9436,7140.13
811,2651,2167,446,953.88,8830.82,868.49,7143,9099,5766.63
1838,552,7641,262,896.81,7830.93,365.61,1689,9332,5660.02
222,1374,1270,751,64.11,3354.32,111.98,4010,9359,5075.11
1583,4808,4451,89,135.94,7666.48,472.52,4043,9763,8933.27
1223,4176,7814,660,922.13,4065.76,55.85,7473,9858,8530.07
753,3766,7789,434,230.55,8249.42,852.46,687,9244,6635.18
964,4518,3268,891,273.39,8698.94,378.46,6630,9563,7868.59
665,2922,1597,82,261.75,1913.96,510.12,8580,9600,7943.91
316,3812,7821,266,722.9,7951.59,182.16,6251,9425,5196.48
1980,3426,4514,670,4.3,4903.33,444.76,5464,9778,7937.33
1106,2672,1190,437,381,4128.55,327.3,2087,9743,5229.38
1735,4857,2252,518,625.74,4269.12,179.25,2107,9821,6217.41
673,33,6614,424,106.89,8605.26,340.04,2167,9505,5175.11
1323,1546,6132,779,238.79,8335.87,190.67,365,9031,8110.59
1115,2982,1262,586,667.18,372.09,935.3,4019,9751,8019.71
465,4750,6375,766,398.92,2559.19,615.67,2308,9173,5590.08
535,2657,4240,279,144.31,311.56,163.56,3431,9124,8537.43
204,2694,256,545,446.06,7809.79,730.81,8200,9713,7586.21
1916,1778,876,582,224.95,5296.15,945.07,316,9614,5630.41
1864,118,3956,553,115.8,1925.48,57.55,1014,9481,6605.19
1314,1103,3851,143,780.72,8553.48,335.79,6861,9827,6208.63
658,710,5487,906,955.33,5641.03,441.84,6441,9271,8618.6
1196,1178,7778,502,21.56,3929.75,772.87,5347,9401,7455.89
58,4187,7509,318,855.12,548.24,635.17,7574,9444,6195.63
877,4567,6456,718,128.09,8368.98,267.14,5629,9916,5449.15
334,4673,615,126,103.97,1202.69,438.84,6587,9369,7463.9
70,2904,6887,929,872.77,653.36,94.35,3411,9021,6015.6
280,4900,5117,909,863.79,1095.91,155.3,3966,9197,8319.78
633,2609,2502,868,332.66,8052.03,141.46,4116,9430,6881.32
805,3773,2227,947,170.93,7889.9,523.24,7920,9523,8060.71
112,3145,7141,428,582.71,1600.93,699.24,4812,9317,5349.06
553,2600,7152,192,634.35,3712.94,490.57,5822,9047,6043.29
42,2446,4642,906,479.67,526.34,838.87,559,9745,7275.42
237,2079,5994,149,429.51,3072.8,454.53,6932,9068,5537.16
1074,1828,323,400,369.32,8328.56,921.26,6459,9361,7780.27
278,2804,7489,646,91.92,2407.29,797.44,7742,9416,7745
1709,1963,5121,888,536.92,7061.89,431.04,1285,9477,5594.9
1723,543,4780,182,242.15,6127.76,421.19,6766,9975,6639.56
1663,1250,6206,834,546.06,6765.81,944.07,3385,9847,5000
1275,737,6856,290,490.54,2204.19,735.11,4180,9294,5030.52
1989,4971,5006,510,831.94,5194.32,425.13,4403,9908,8270.85
1604,4916,3631,413,174.65,1781.63,989.5,1855,9565,6110.81
1996,1296,1027,55,821.05,7324.63,874.75,2194,9397,5009.41
1991,1915,2802,949,628.16,2034.35,674.34,7405,9646,6872.68
1891,3651,2947,106,109.92,2141.9,832.09,7695,9528,5430.26
1872,2134,253,327,243.6,8748.5,184.76,4057,9500,6363.87
1823,1023,7477,991,250.14,3602.3,611.45,6479,9601,5790.64
306,2239,7856,934,248.21,7126.66,405.91,6812,9393,5446.95
9,4612,6548,885,439.3,8491.94,254.12,8642,9971,7910.53
255,4802,4408,16,341.33,8237.23,583.28,763,9806,6348.58
1588,4791,7454,60,276.11,5660.57,487.94,2040,9675,5523.51
524,4618,6058,337,897.18,3659.22,929.43,7383,9503,7844.18
1045,3805,1074,529,751.71,6534.42,361.62,5957,9640,6201.91
762,764,3210,4,820.39,6873.09,700.09,3101,9884,5969.98
125,4258,1644,985,890.24,240.05,3.92,633,9988,6920.37
138,1712,2114,918,128.25,1010.23,469.51,7268,9676,7007.43
714,3748,2010,176,277.47,2043.37,289.42,1067,9435,6982.24
1199,1539,7369,965,29.57,6717.43,743.14,3163,9199,5731.16
1569,2390,1712,248,849.08,3847.06,88.11,869,9036,8181.79
1563,2832,1945,887,710.55,2308.01,162.25,4532,9754,6835.08
1696,2103,5210,621,873.77,6199.76,117.8,1922,9375,8763.35
678,905,2969,190,323.86,7998.61,160.42,8943,9939,8388.42
1776,2201,6861,894,548.93,7042.03,374.69,5287,9947,8098.69
1911,2646,3064,551,139.17,1627.95,902.06,7639,9472,6383.25
92,4426,3153,354,213.52,6004.14,438.33,3929,9500,6828.25
64,882,4550,43,859.86,3724.06,778.31,223,9588,7419.5
167,3325,7789,158,558.65,2743.5,934.64,5462,9079,5377.33
139,234,5164,669,674.09,4727.15,493.98,267,9729,6156.16
309,2450,4741,551,151.77,769.23,256.69,6184,9427,8322.54
61,2640,5123,795,968.16,26.09,746.33,3048,9828,6615.76
687,3121,224,557,828.86,4342.47,205.76,4873,9008,5597.16
748,1564,2155,320,122.27,1714.27,679.85,254,9737,7871.27
819,4181,1277,449,502.99,1889.69,743.38,135,9237,6625.59
1145,3623,3340,986,986.13,5988.4,344.01,6405,9316,6036.19
1097,810,1629,12,142.81,5847.29,625.79,7147,9129,6253.38
1724,4053,3018,748,470.82,5441.23,697.78,7604,9745,8716.91
1785,2161,2124,286,502.99,6929.16,317.46,6640,9770,6140.67
598,613,223,922,954.88,932.1,924.92,3364,9269,7342.39
771,4993,3656,458,212.6,8042.02,131.02,3636,9585,8552.74
1545,1274,285,728,510.23,3295.25,228.42,3447,9629,8390.43
88,93,7639,622,657.45,225.6,147.37,2660,9757,7727.46
1027,2333,4681,892,280.88,6966.82,483.57,2532,9725,5548.91
1953,4588,2688,219,374,3769.63,371.23,7827,9288,6736.84
1065,3098,6232,904,665.34,5171.91,575.57,6764,9088,8185.21
558,1887,6817,13,891.59,3008.11,814.51,2250,9476,8931.71
1288,3478,1856,637,514.38,7273.45,726.19,4223,9344,6606.51
1917,159,7138,607,759.85,812.55,546.1,7797,9851,7229.62
1095,3742,825,384,691.24,5915.95,723.1,2646,9716,7760.64
491,173,591,82,521.9,1982.85,114.86,4481,9031,7819.59
60,621,6701,57,549.72,3469.77,148.75,388,9654,7286.92
1409,427,4124,674,956.38,6944.03,644.03,476,9868,5767.08
826,1179,5020,173,103.99,8457.36,362.36,1551,9606,6066.72
1485,595,2864,643,687.68,6680.64,178.21,7183,9329,5863.23
828,2976,3580,522,918.6,3515.36,2.62,462,9435,8182.34
1482,1830,3527,70,227.04,7090.08,602.17,5254,9894,6200.61
1988,3743,993,949,763.65,5933.88,689.35,8473,9201,6204.13
243,2485,3458,964,542.12,5458.16,252.15,2991,9436,5567.32
806,4212,212,264,138.25,8714.05,998.92,7906,9781,5512.55
86,2300,2234,468,901.69,2463.93,794.11,8960,9170,7438.71
1601,1667,2131,709,729.69,3985.72,870.86,6126,9093,7535.07
391,527,5229,369,139.26,8322.51,608.87,3318,9899,5240.7
1945,4353,90,832,460.22,4461.93,726.42,777,9938,8012.45
240,2713,1603,858,472.09,5457.7,231.08,3670,9803,7577.52
1230,4339,739,826,641.15,8526.74,950.68,400,9002,7192.11
1638,4625,2850,112,170.19,6144.53,150.98,8716,9600,7056.53
1198,1582,7218,390,21.7,8391.7,131.12,7330,9327,6540.59
1469,2883,352,892,260.62,4130.57,316.83,4556,9481,8088.01
428,1729,7966,567,499.5,4570.01,404.41,8482,9422,5897.71
551,2926,3227,393,916.02,5484.87,118.27,2785,9670,8938.33
98,954,7446,173,1000.36,4679.78,130.21,4983,9425,6076.52
1568,2867,7246,857,43.28,6422.94,696.6,223,9780,6409.92
964,2033,5738,714,41.74,1028.45,582.88,963,9680,6672.71
1688,2108,2760,171,961.24,8688.94,932.58,1322,9630,6764.77
1707,3649,4423,534,969.52,946.56,867.7,5759,9845,8692.91
679,4149,7363,299,510.55,7808.75,740.64,3286,9399,7724.2
1354,2325,5537,511,623.31,6486,974.68,6835,9312,6973.25
1805,2020,7207,823,618.01,2920.08,864.15,4150,9901,8974.03
1061,727,810,84,494.02,2787.13,470.79,7910,9997,8601.38
1339,2278,6919,349,162.21,1577.7,951.05,4019,9616,6665.99
1768,3096,3811,772,620.94,2499.64,161.35,3021,9417,6587.25
143,1372,1460,931,509.69,4547.44,503.53,2681,9931,8326.26
558,2156,7132,487,749.41,6539.08,812.74,3921,9755,6943.09
801,1041,2064,244,755.02,2513.03,549.41,5351,9233,6820.7
221,1625,4573,491,27.73,8829.52,303.7,1988,9385,8610.85
637,1398,6027,786,980.59,5253.34,765.24,7446,9975,8693.54
206,1729,5688,466,114.85,2930.92,372.99,1654,9184,6592.88
991,4120,4270,246,826.72,3753.71,281.78,4642,9490,8711.85
1537,602,1323,375,859.45,8412.16,667.72,3887,9891,8952.32
1940,4865,317,219,920.99,1915.57,62.51,2677,9400,6873.54
479,3653,5013,399,106.24,1684.79,202.17,941,9712,7195.99
1451,2555,5680,563,497.59,948.8,671.45,7207,9127,5153.46
1522,1299,2459,391,410.88,7245.81,313.67,7332,9863,7457.57
603,3952,5696,159,138.41,3991.22,228.99,5081,9832,7687.49
1768,3568,2736,735,390.49,3649.45,736.18,6779,9113,5366.65
1841,1984,7916,350,474.61,2187.72,807.21,5093,9531,5495.91
552,3154,4279,39,325.24,6475.22,118.43,2722,9528,5703.54
1645,2506,6276,829,773.58,2567.43,214.76,1321,9969,5876.04
1179,2823,3508,611,500.48,8707.94,92.74,8352,9276,5994.99
444,241,1346,191,876.46,1889.49,653.14,2436,9035,7138.58
1982,3309,4079,128,115.79,3779,642.46,4046,9646,8702.38
1932,1642,7947,255,377.92,5099.03,87.81,670,9344,8558.45
838,3353,6249,769,283.06,4166.55,475.78,1554,9589,7818.42
1110,52,4637,325,361.16,8774.52,252.12,3085,9397,5117.57
1426,474,2356,854,82.71,7280.98,524.96,8067,9452,8232.65
115,1955,5287,181,224.1,3131.8,402.14,7591,9050,6140.21
409,1937,1366,450,31.58,7556.15,318.94,4101,9529,7366.73
496,1732,553,261,189.07,3795.36,743.12,2341,9614,7789.66
1655,4013,6287,867,788.51,1503.44,748.45,8042,9793,8547.04
228,1109,7714,525,297.06,3719,88.5,6703,9358,7109.37
1337,1531,6368,431,693.42,1124.26,701.44,1718,9260,6864.09
650,3777,6099,155,821.36,3823.49,111.03,6405,9886,7410.84
839,3354,4322,382,616.9,3530.7,193.79,4894,9784,5329.51
222,2992,1520,91,496.71,6275.19,433.09,1629,9924,6527.24
1901,383,1806,267,672.32,1486.18,430.19,6693,9971,6617.92
1713,4206,2756,965,331.62,6261.61,753.01,1161,9418,6017.35
972,768,4075,988,771.91,2312.34,919.87,7963,9828,5026.66
1048,1260,4110,371,123.85,8679.23,872.88,303,9518,8575.79
1422,764,2776,878,435.8,4784.22,716.1,7411,9389,7655.31
2000,370,790,197,255.83,4005.18,986.47,5139,9912,5215.99
1402,1893,7795,970,124.53,5537.06,291.53,2023,9377,5044.19
1380,3477,7201,659,282.12,2948.05,684.62,1330,9665,8530.02
177,964,7964,516,118.7,6144.58,6.34,4592,9558,6619.18
237,2784,509,161,653.53,7801.58,669.94,8561,9617,6913.64
1158,1200,423,740,297.74,1655.72,528.88,7906,9062,6987.34
266,4198,471,211,237.73,7876.83,184.33,6640,9237,6125.27
1803,516,1455,576,80.16,7910.08,317.85,2790,9841,5651.86
938,574,3403,68,922.11,3819.01,422.83,2450,9207,8478.83
1575,4746,6068,720,55.58,1000.48,194.33,1207,9029,8460.92
92,2286,4175,119,213.97,8296.05,695.54,3889,9319,5859.22
132,3785,7804,586,536.19,2191.55,743.54,4703,9224,6087.89
1986,1739,5200,431,612.4,3558.88,494.24,7017,9167,7223.43
351,31,5071,778,495.27,5942.81,632.4,1404,9555,8073.45
1014,3429,3967,521,123.89,8641.13,960.54,4800,9155,8904.35
424,4460,5379,727,425.16,4465.05,601.85,4658,10000,8375.11
1691,3464,5850,525,360.1,6843.97,538.25,6696,9606,6635.06
1957,2997,23,675,724.19,8802.49,486.62,1485,9851,7242.97
1708,449,1777,781,998.01,3549.5,996.23,2208,9508,8429.17
428,729,3765,658,843.69,3390.27,808.74,1928,9928,8858.24
1217,4139,6621,656,620.06,4515.94,167.83,6748,9127,6619.47
1757,948,5515,882,334.63,117.64,695.46,2080,9888,8381.45
1494,1607,1996,498,994.13,6322.83,648.61,6752,9601,6406.96
479,1694,7999,777,392.53,5657.84,270.01,7072,9113,6986.37
439,1955,5159,318,435.17,5249.14,82.71,6433,9808,5627.58
1245,1625,1009,256,131.79,4171.72,612.12,1297,9092,6261.24
1512,851,6933,761,194.86,3102.87,700.34,8770,9612,6566.97
1338,362,2339,79,975.41,2184.42,241.54,3153,9839,8366.99
1294,4253,3617,113,109.52,1359.97,72.02,3819,9443,6059.46
1099,704,7308,173,885.07,6981.42,414.94,3013,9465,6149.46
1858,4867,5077,635,615.81,9.41,528.9,3559,9672,6007.42
35,3743,4301,5,718.49,1763.03,768,3062,9577,6867.77
1648,377,1424,907,234,6843.64,39.95,5865,9364,7966.16
1121,2697,1841,144,147.67,8047.72,246.3,7775,9621,7381.33
1603,3541,1025,446,134.92,5048.42,217.7,4775,9434,5476.88
340,3612,7004,430,333.8,1396.12,313.2,8597,9824,8305.62
1616,4607,5534,644,591.54,4474.29,132.04,3555,9864,7041.98
66,4997,5902,372,526.86,105.94,697.54,2445,9542,8278.86
1344,2539,1393,291,387.41,5725.78,281.94,4945,9281,7390.63
1258,4413,1748,834,53.17,4411.56,767.02,2736,9450,7161.89
877,1717,152,262,477.01,197.98,215.7,6994,9624,5435.6
719,4811,1008,134,48.72,2629,7,264,9874,6844.2
1012,3343,2118,459,811.8,7153.72,60.49,5795,9928,5317.06
472,4081,2989,839,599.33,4826.26,263.34,3796,9632,8011.97
1896,2538,2410,540,197.29,6510.43,304.61,4971,9679,6658.49
1743,55,7480,695,293.7,687.48,553.23,3177,9271,6487.37
1552,449,6581,632,46.33,5269.57,805.57,3644,9636,8283.35
1334,2754,3703,661,850.79,6808.72,594.98,504,9061,6212.02
680,3419,1752,955,202.67,3213.9,46.13,4974,9111,7502.44
1107,3510,3460,619,218.83,4633.84,590.98,6759,9632,6976.75
1481,608,5599,264,915.33,7455.34,301.75,7851,9122,5847.56
1692,3130,5356,571,595.76,2533.08,136.42,5021,9705,5061
963,382,3009,472,75.63,6176.52,373.93,5669,9430,8101.58
1004,2433,382,705,232.97,5580.74,788.12,492,9096,6308.6
1204,2369,6792,305,95.53,332.77,877.7,7532,9323,5908.05
1781,764,1697,935,54.44,4516.3,108.19,5835,9825,5757.88
892,924,3648,280,870.21,8128.89,122.16,5085,9697,6025.26
1319,2318,2268,438,6.14,576.69,158.18,8019,9743,8154.37
315,4847,6464,22,70.47,247.87,122.82,7001,9023,6131.35
595,1657,7383,550,877.87,1475.85,414.24,1402,9877,8904.64
834,4113,3310,936,951.07,8400,928.63,3467,9125,8352.62
1822,3675,7566,385,354.26,1793.67,392.46,3231,9452,6176.13
1036,4930,3881,252,360.06,4598.55,593.09,5444,9415,5694.49
1996,2285,7882,404,55.3,343.63,805.83,7949,9378,5441.6
555,1790,7844,571,459.71,4404.43,662.54,2940,9593,6822.14
445,4650,7395,926,387.68,726.37,14.18,4282,9849,7071.59
1131,46,4444,390,143.5,3297.72,688.72,4196,9590,6061.55
278,131,3581,370,140.02,1309.4,384.06,8883,9450,5930.76
1615,1121,1332,744,546.47,5771.93,736.31,2221,9161,5604.92
1864,495,1721,460,614.89,7871.64,976.38,1473,9723,6288.19
981,485,7607,380,702.52,3924.52,977.62,1632,9970,5978.27
116,748,1331,24,229.47,2611.66,623.14,6492,9260,6569.96
415,3681,1842,771,706.81,8186.07,133.84,7724,9830,5088.59
970,2190,1404,902,674.8,2090.76,845.22,1737,9166,6710.09
1463,2134,4874,568,987.31,8827.09,625.92,1106,9057,7348.81
1959,2170,3786,756,686.2,6609.44,820.21,3817,9254,8369.68
633,4078,2580,344,452.01,3357.69,680.01,8210,9771,8048.23
1355,2581,176,599,596.76,230.96,682.46,2782,9269,7575.21
1614,4886,4198,688,304.11,2239.41,453.81,4414,9454,8777.56
1337,845,118,326,832.84,3470.48,27.83,4000,9783,8737.98
351,2834,7556,466,102.54,4818.69,652.67,3048,9107,5284.95
1276,3833,643,34,241.45,8714.65,432.04,5211,9081,6877.05
106,1753,2890,440,804.54,480.58,687.77,5668,9848,6053.02
1421,3378,3838,265,309.76,5417.75,622.64,3254,9587,7118.24
1722,4557,3733,913,460.54,8743.1,186.32,7461,9523,5777.85
788,1376,5760,99,272.84,5803.61,962.36,2875,9757,6503.89
333,698,2074,844,67.44,6727.67,595.72,8687,9919,6288.45
1143,2826,3414,215,440.86,2928.17,833.72,7139,9037,8273.88
1330,2793,1569,785,720.55,6362.29,880.92,6439,9308,6138.07
289,1607,1966,835,874.21,8797.84,684.65,2828,9898,6770.19
925,4121,5790,522,166.45,2970.32,380.95,5162,9929,6055.79
1038,3330,1145,866,179.93,8940.18,666.32,7120,9679,8168.26
1212,2848,2605,158,591.42,5250.25,250.04,29,9105,6428.86
864,4803,4189,553,242.81,231.33,537.08,4865,9899,6076.91
1055,2914,5297,549,196.36,571.28,66.99,6570,9712,6105.35
1951,736,7828,634,230.79,6748.83,673.9,6638,9334,7436.85
1544,3072,280,558,872.2,4200.76,536.3,5771,9384,6786.26
1942,4729,6035,577,251.28,8018.87,596.89,3919,9828,7895.78
1941,4834,3380,905,232.69,2109.45,229.61,974,9143,7864.69
1009,4322,2333,837,981.6,7783.99,657.96,3331,9367,8208.88
6,4445,1519,5,909.38,590.5,644.22,1884,9774,7027.94
902,2740,2157,177,861.34,1047.9,630.27,8301,9892,6064.98
515,1560,1446,88,869.15,7160.27,610.39,6101,9316,8931.04
553,3325,4903,661,436.19,2803.06,513.67,5618,9994,8880.65
228,273,4012,200,301.21,4848.82,554.15,8885,9103,8387.56
1171,2033,2553,266,590.69,703.53,186.18,985,9700,5818.6
1628,1135,4051,384,714.45,92.99,601.39,8791,9223,8694.92
1567,347,7125,552,250.3,7265.96,219.74,1625,9148,5578.92
1955,3379,5604,705,868.58,4654.21,890.02,451,9373,6390.36
1961,4770,2605,303,240.5,4040.4,780.22,6322,9311,5123.63
1134,3857,3007,303,516.68,1673.01,132.03,8295,9262,6837.85